{
    "loss": 1.9958301782608032,
    "accuracy": 0.23673184216022491
}