{
    "loss": 1.0532104969024658,
    "accuracy": 0.6019552946090698
}